Total - Visible minority for the population in private households - 25% sample data,  Total visible minority population,    South Asian,    Chinese,    Black,    Filipino,    Arab,    Latin American,    Southeast Asian,    West Asian,    Korean,    Japanese,"    Visible minority, n.i.e.",    Multiple visible minorities,  Not a visible minority,Neighbourhood Number
33300,28035,13815,345,6125,2075,460,1600,530,415,130,45,1560,935,5265,1
31345,27975,10195,320,8315,1160,1985,1350,450,1835,75,0,1405,870,3370,2
9850,6705,2715,80,1590,205,290,645,250,370,20,0,300,240,3150,3
10375,5985,1530,110,1870,575,65,725,215,220,40,20,355,255,4395,4
9355,6465,780,130,2830,760,150,890,290,140,110,0,145,245,2890,5
22010,13825,3065,385,5860,825,405,1145,390,495,180,35,420,620,8180,6
22445,9785,2110,530,3290,795,260,1100,285,305,410,50,295,345,12665,7
10005,3160,385,100,1125,250,75,515,125,110,135,25,140,170,6845,8
15190,3790,510,480,1000,185,35,935,195,65,120,45,100,115,11400,9
11170,2640,640,600,335,115,45,210,75,95,245,65,35,175,8535,10
18450,5785,1490,735,1020,510,155,485,180,170,365,120,235,305,12665,11
10365,1860,430,405,170,175,75,160,40,40,170,55,70,85,8510,12
11865,5485,1470,310,1130,745,85,545,175,185,240,40,250,310,6380,13
8855,1195,285,260,60,85,25,95,65,115,60,30,20,100,7660,15
25655,6025,1295,920,680,380,195,550,440,290,250,140,490,385,19630,16
11345,4595,740,330,1370,525,120,475,170,55,80,25,435,285,6750,18
11360,3750,720,490,765,410,85,405,240,110,70,80,210,170,7610,19
12595,3240,735,460,375,565,135,240,135,60,55,60,250,170,9355,20
12185,8000,3750,75,1360,515,355,670,550,155,40,0,295,230,4185,21
16955,13720,2870,145,4305,1610,135,2190,1255,165,125,15,400,515,3225,22
11290,5890,830,375,1635,755,50,870,680,160,45,15,230,235,5400,23
21145,17850,2010,560,6530,1240,810,1650,2715,560,35,10,880,845,3295,24
30025,23585,2030,835,7005,2300,230,3255,4865,500,30,25,1210,1295,6440,25
28255,21400,4490,1210,5590,3815,300,1730,1750,570,395,45,625,880,6855,27
9390,6000,490,60,3500,480,25,710,350,15,0,30,135,215,3390,28
9840,4665,780,65,700,1395,105,940,280,65,25,10,30,255,5180,29
17495,12170,1325,320,4955,1520,90,1660,1230,90,15,20,330,635,5325,30
16625,8555,1140,745,1695,1580,115,1365,755,150,155,15,400,435,8070,31
21290,9305,455,505,2155,4375,100,675,265,260,35,30,120,335,11985,32
17620,8165,755,845,1015,3455,85,575,270,340,205,50,160,415,9460,33
15955,6795,675,820,615,2300,110,590,300,540,375,15,170,275,9155,34
25705,13660,955,680,1060,6955,295,720,300,1205,725,35,295,440,12040,35
23805,15645,1210,2560,730,4940,310,515,385,2005,2165,90,155,585,8165,36
17165,10940,925,4130,375,500,185,250,210,1905,1925,120,70,350,6225,37
15910,7610,1110,2040,310,1255,145,335,200,965,825,80,100,245,8300,38
22145,5620,575,1150,485,1595,145,430,165,405,230,55,100,285,16520,39
16955,9290,1165,4290,650,415,180,295,80,1200,555,95,180,180,7670,40
8940,3280,365,1530,65,105,145,65,50,560,120,30,30,215,5665,41
27150,14645,3095,4830,1250,1420,455,335,190,1295,540,285,325,620,12510,42
17365,10915,3050,845,2160,1325,1205,445,80,800,80,65,380,480,6450,43
22530,18080,7730,1095,2570,2345,620,350,235,2045,250,60,260,515,4450,44
15220,10195,1720,4890,890,650,485,245,150,385,325,90,115,255,5025,46
26770,19895,3710,6250,1215,2485,855,785,270,2530,780,115,225,675,6875,47
16345,12920,1840,7420,795,280,165,220,235,790,655,90,95,350,3425,48
12085,8265,815,4010,595,195,125,180,200,1090,700,30,65,275,3815,49
15345,11670,995,4425,370,530,125,415,130,2480,1710,60,75,350,3675,50
22330,16145,1845,6445,870,695,335,530,260,2710,1480,170,185,600,6185,52
19840,16455,5635,3900,1355,1370,845,530,250,1435,415,120,150,445,3385,53
18405,8035,1875,715,2470,1005,200,430,195,485,105,70,180,305,10370,54
20400,16735,9165,485,1505,1570,885,430,115,1930,50,25,185,385,3665,55
16535,3560,565,1265,240,240,65,195,50,275,270,105,45,235,12980,56
10955,3605,680,460,695,535,160,300,100,160,65,50,130,260,7355,57
9160,2545,395,530,320,475,90,125,160,105,50,60,50,185,6615,58
17065,5500,1065,1585,780,515,115,360,225,110,85,120,135,410,11565,59
7915,2930,420,865,615,310,30,185,50,85,75,95,65,140,4980,60
15025,10475,5995,470,1695,820,210,420,85,235,110,50,135,260,4550,61
21845,7090,1785,1095,1540,670,140,470,70,275,200,125,185,540,14750,62
21505,3440,720,720,480,245,50,265,145,90,105,140,145,330,18070,63
12205,3530,650,795,845,205,105,225,85,40,75,110,105,285,8675,64
14120,5350,1155,1820,785,265,95,195,370,65,90,100,85,320,8775,65
9310,2655,705,825,325,120,45,95,80,35,45,90,60,235,6650,66
7680,1505,290,325,210,70,45,130,70,25,80,55,40,165,6180,67
11290,3040,425,1335,270,125,50,90,145,55,75,100,100,275,8250,68
7475,3175,510,935,800,60,115,160,165,75,25,55,65,200,4305,69
27815,11210,1265,4820,1640,555,190,430,815,210,185,230,115,770,16605,70
11020,3735,680,545,675,605,105,385,170,80,130,130,75,155,7285,71
12750,9025,2970,1170,2105,560,410,380,530,175,145,45,115,410,3725,72
21495,11000,2285,2080,2895,490,460,645,545,300,340,165,190,605,10490,73
18535,13095,4125,775,2450,2840,535,700,270,490,295,95,135,385,5440,74
18120,11405,1130,5630,1210,545,315,480,660,220,310,105,175,630,6715,78
6435,2450,315,950,260,95,55,205,65,55,180,75,45,145,3985,79
13120,3190,375,1070,420,160,90,285,150,115,175,105,45,200,9935,80
15415,5075,360,2790,475,200,80,225,300,95,60,160,100,240,10340,81
11210,3580,660,735,530,225,55,495,280,45,110,120,110,220,7625,83
15485,4870,625,1190,780,430,140,615,310,125,140,100,130,285,10610,84
20500,10430,1850,700,2525,1320,255,655,760,110,115,65,1575,510,10065,85
14615,4070,785,655,810,230,50,255,310,30,110,80,355,385,10545,86
22665,5220,1170,965,945,325,115,470,255,130,205,260,95,290,17440,87
21855,5905,1090,800,965,550,210,855,320,195,235,185,180,320,15950,88
10120,1840,260,455,285,45,55,160,135,25,45,95,110,175,8280,89
14010,4435,605,685,725,495,75,610,590,55,35,150,175,230,9575,90
10680,4350,460,300,1450,190,45,885,475,45,65,15,165,260,6325,91
13200,3550,280,340,815,355,55,1005,160,40,40,85,145,235,9650,92
12800,3875,380,770,925,280,60,525,235,50,155,75,70,345,8925,94
29300,8380,1360,2180,1220,435,395,635,220,445,575,330,100,485,20920,95
11350,2695,505,580,410,190,75,275,120,135,70,95,80,160,8655,96
12905,3190,650,470,380,260,145,415,90,230,170,115,75,190,9710,97
20080,4325,965,1170,470,255,145,420,60,275,115,140,60,250,15750,98
16370,4745,670,1135,530,525,120,480,115,300,275,115,135,345,11625,99
12405,3740,665,895,365,225,160,475,100,170,320,110,50,205,8670,100
10860,2410,385,555,320,405,75,215,45,100,45,55,70,135,8455,101
12295,3785,260,250,520,1515,55,480,55,175,100,45,65,260,8505,102
14960,3595,790,1150,210,335,100,130,115,210,165,105,40,235,11360,103
14675,3975,600,1775,185,195,55,200,75,245,275,115,45,200,10700,105
13845,4385,470,350,885,1365,110,470,150,55,125,105,50,240,9460,106
20710,8930,735,735,2690,1960,80,1470,255,140,165,70,200,445,11780,107
14575,7155,565,460,1190,2845,60,1045,210,145,145,35,120,335,7420,108
10015,4030,350,250,755,860,45,945,235,85,40,30,200,235,5985,109
11385,4780,530,185,1290,850,35,1140,235,20,70,20,130,275,6610,110
22240,10645,995,670,3350,765,180,2545,1160,95,70,70,415,335,11590,111
6260,3805,425,55,1900,485,55,400,195,40,0,0,150,95,2455,112
18680,12045,780,225,7080,905,150,1340,585,100,50,15,300,525,6625,113
7965,2165,280,205,830,240,20,205,20,35,70,45,35,175,5800,114
13055,9370,670,205,4225,975,145,1330,820,70,90,40,245,545,3690,115
22760,20830,1680,16150,765,765,385,85,170,100,65,45,175,460,1935,116
27205,21185,4655,8195,2105,2585,725,385,375,695,225,85,405,755,6020,118
28340,17620,5205,1575,2250,3670,1615,580,385,790,180,75,550,730,10730,119
26840,18010,6935,1925,3195,2820,310,395,295,570,140,160,555,710,8825,120
13705,10580,4955,645,2720,820,235,190,195,230,20,55,160,355,3120,121
22700,6920,2445,1055,1165,565,125,325,110,240,80,155,210,450,15785,122
16130,7950,3670,620,1250,970,130,180,70,235,75,65,240,445,8185,123
17105,13120,5235,890,2360,2545,210,295,275,265,65,30,475,475,3985,124
13365,10130,3715,610,1795,2385,155,255,190,135,10,45,295,535,3240,125
24305,19715,7295,2570,2225,3535,1160,290,245,735,105,50,635,865,4590,126
24170,21045,5265,10505,1775,1120,215,375,310,270,130,35,410,645,3120,128
27540,25390,5290,15025,1450,1515,200,180,270,195,55,40,240,940,2155,129
23980,22790,2810,16595,1050,1075,55,110,225,145,30,45,90,550,1190,130
13385,6500,2575,820,1090,635,135,155,85,180,80,55,335,365,6885,133
12630,9920,5405,955,1435,825,45,140,185,170,50,35,350,330,2705,134
17660,14245,5810,655,3255,2205,295,275,325,390,100,15,560,365,3410,135
28135,19885,6610,895,5990,2675,330,715,365,610,40,45,730,880,8250,136
22535,18350,7270,700,4165,3285,320,440,225,635,0,65,585,645,4185,138
16525,12825,5505,480,3220,1370,315,275,155,780,35,20,270,400,3695,139
9680,3660,1245,450,880,435,50,100,60,40,15,75,50,245,6020,140
27085,21655,12165,505,3805,2380,305,430,210,520,55,60,715,490,5435,141
26585,21790,11585,2505,2645,2085,305,350,255,755,65,85,545,610,4795,142
20670,13870,5465,755,3560,1615,235,235,160,310,100,65,530,840,6800,143
24940,24050,15370,1135,2675,2255,210,225,235,250,0,0,1005,685,890,144
17320,15920,8045,1120,2910,2105,200,180,205,180,20,0,425,530,1400,145
26100,23285,9350,1805,5065,3330,325,530,345,215,85,35,1260,940,2810,146
21545,15400,2995,6130,2175,960,815,280,265,770,225,60,300,410,6145,147
21495,18540,4200,8995,1770,1625,210,230,320,275,100,35,205,575,2955,148
13965,7085,1300,1240,1250,675,485,440,110,595,310,200,130,350,6880,149
20510,13735,3000,1610,3070,1630,820,750,255,1170,290,120,470,540,6775,150
20160,16410,2320,6625,250,435,370,310,355,2315,2570,285,140,435,3745,151
15485,12005,800,6615,560,230,265,160,130,1505,1135,130,105,350,3475,152
13790,10170,1585,3300,325,400,325,365,175,1830,1250,125,180,310,3620,153
21415,14840,725,265,5655,2595,145,2505,1765,195,65,10,455,460,6575,154
17970,9960,900,570,1575,3475,240,1245,920,125,175,15,240,470,8005,155
18685,14670,6205,3235,1065,1610,305,280,255,580,115,80,380,570,4020,156
10725,8095,3930,495,850,1350,230,185,120,225,55,45,280,345,2625,157
23460,7900,1540,825,1575,870,415,730,395,325,505,105,220,390,15570,158
23600,11900,3290,900,2030,1060,380,1100,305,325,1150,175,585,600,11695,159
17045,6075,1155,620,905,795,260,495,240,185,170,90,795,355,10970,160
22600,9850,2295,1280,1505,510,525,1095,325,640,305,110,690,570,12750,161
13170,4815,905,1035,695,420,150,535,190,160,60,150,120,385,8355,162
19910,9335,2570,1540,1340,610,410,805,405,365,435,125,230,505,10575,163
25570,12975,3205,3975,1035,485,685,740,540,650,545,190,230,685,12600,164
28130,17365,5540,4380,1780,645,830,1205,560,655,545,170,310,760,10765,165
31285,16165,4150,3800,2830,780,740,955,405,625,540,205,320,820,15120,166
22320,12070,2645,3770,920,515,470,890,505,680,810,240,180,450,10250,167
17695,10280,2415,2830,1425,460,540,535,290,355,555,175,180,515,7420,168
16670,10780,1635,5325,600,335,505,315,275,525,690,150,95,320,5890,169
12645,9050,1870,3470,570,215,715,360,295,275,635,150,145,345,3600,170
23180,8805,1630,1495,1755,550,210,1120,650,120,240,125,280,630,14380,171
12380,3900,620,1055,540,185,75,445,285,40,190,65,115,280,8485,172
15885,8160,1570,1050,1025,775,220,1050,245,1000,595,115,145,370,7730,173
22735,10445,2915,1440,1135,520,410,1075,190,985,870,215,225,460,12290,174
